{"meshes": [{"vertices": [0.6983221769332886, 0.9552239179611206, -0.3428674340248108, -0.7523380517959595, 0.7441136837005615, 0.5959612131118774, -0.441677987575531, 0.471889853477478, -0.6109482049942017, 0.17049062252044678, 0.6412476301193237, 0.9321409463882446, 1.184396505355835, 0.2887326180934906, 0.9020824432373047, 0.8711411952972412, 0.6145996451377869, 0.14273816347122192, 1.0, -1.0, -0.6019582748413086, 0.6019582748413086, -1.0, -1.0, 0.8711411952972412, -0.39165931940078735, -0.7536931037902832, -0.6019582748413086, -1.0, -1.0, -1.0, -1.0, -0.6019582748413086, -1.0, -0.6019582748413086, -1.0, 1.0, -0.6848659515380859, 1.0, 0.8711411952972412, -0.6416864991188049, 0.3046439290046692, -0.5099582672119141, -1.0204662084579468, 0.9733729958534241, -1.183394193649292, -0.32288268208503723, 1.1804519891738892], "triangles": [2, 0, 11, 0, 5, 8, 4, 3, 15, 4, 15, 12, 3, 4, 5, 2, 1, 0, 6, 7, 8, 9, 10, 11, 11, 15, 1, 12, 15, 14, 12, 14, 13, 9, 7, 6, 6, 14, 10, 6, 10, 9, 0, 1, 3, 3, 5, 0, 15, 11, 14, 14, 11, 10, 1, 2, 11, 9, 0, 8, 9, 8, 7, 11, 0, 9, 13, 5, 4, 13, 4, 12, 8, 5, 13, 8, 13, 6, 15, 3, 1, 14, 6, 13], "edges": [0, 2, 1, 2, 1, 11, 3, 0, 5, 3, 3, 4, 4, 5, 1, 3, 5, 0, 11, 14, 8, 6, 6, 7, 7, 8, 11, 9, 9, 10, 10, 11, 8, 0, 15, 11, 9, 7, 0, 1, 11, 2, 13, 12, 12, 15, 15, 14, 14, 13, 6, 13, 14, 10, 12, 4, 1, 15, 9, 0, 11, 0, 13, 5, 8, 5, 15, 3, 6, 14]}]}